<?xml version="1.0" encoding="UTF-8"?>
<Window>
	<ListContainerElement inset="20,10,20,10" height="68" bkcolor="#FFFFFFFF" padding="0,10,0,0">
		<HorizontalLayout>
			<Control bkimage="folder.png" width="48" height="48" padding="0,0,20,0"/>
			<VerticalLayout inset="0,0,20,0">
				<Label name="item_title" text="复仇者联盟3（无限战争）" />
				<Progress min="0" max="100" value="50" height="12" bkimage="progress_back.png" foreimage="progress_fore.png" />
				<Label name="item_tip" text="下载速度：10M/s" />
			</VerticalLayout>
			<HorizontalLayout childpadding="10" width="70" inset="0,17">
				<Button width="16" height="16" name="btn_start" normalimage="btn_start_normal.png" hotimage="btn_start_hovered.png" pushedimage="btn_start_pushed.png" />
				<Button width="16" height="16" name="btn_folder" normalimage="btn_folder_normal.png" hotimage="btn_folder_hovered.png" pushedimage="btn_folder_pushed.png" />
				<Button width="16" height="16" name="btn_delete" normalimage="btn_delete_normal.png" hotimage="btn_delete_hovered.png" pushedimage="btn_delete_pushed.png" />
			</HorizontalLayout>
		</HorizontalLayout>
	</ListContainerElement>
</Window>